BEGIN;
INSERT INTO "i4ldata"."t_fgroup" ("fgroup") VALUES ('boundary');
INSERT INTO "i4ldata"."t_fgroup" ("fgroup") VALUES ('natural');
INSERT INTO "i4ldata"."t_fgroup" ("fgroup") VALUES ('landuse');
INSERT INTO "i4ldata"."t_fgroup" ("fgroup") VALUES ('place');
INSERT INTO "i4ldata"."t_fgroup" ("fgroup") VALUES ('highway');
INSERT INTO "i4ldata"."t_fgroup" ("fgroup") VALUES ('barrier');
INSERT INTO "i4ldata"."t_fgroup" ("fgroup") VALUES ('its4land');
INSERT INTO "i4ldata"."t_fgroup" ("fgroup") VALUES ('waterway');
INSERT INTO "i4ldata".t_ftype ("ftype", "fgroup", "description") VALUES ('national_park', 'boundary', NULL);
INSERT INTO "i4ldata".t_ftype ("ftype", "fgroup", "description") VALUES ('grassland', 'natural', NULL);
INSERT INTO "i4ldata".t_ftype ("ftype", "fgroup", "description") VALUES ('wood', 'natural', NULL);
INSERT INTO "i4ldata".t_ftype ("ftype", "fgroup", "description") VALUES ('tree', 'natural', NULL);
INSERT INTO "i4ldata".t_ftype ("ftype", "fgroup", "description") VALUES ('bare_rock', 'natural', NULL);
INSERT INTO "i4ldata".t_ftype ("ftype", "fgroup", "description") VALUES ('mud', 'natural', NULL);
INSERT INTO "i4ldata".t_ftype ("ftype", "fgroup", "description") VALUES ('farmland', 'landuse', NULL);
INSERT INTO "i4ldata".t_ftype ("ftype", "fgroup", "description") VALUES ('basin', 'landuse', NULL);
INSERT INTO "i4ldata".t_ftype ("ftype", "fgroup", "description") VALUES ('town', 'place', NULL);
INSERT INTO "i4ldata".t_ftype ("ftype", "fgroup", "description") VALUES ('village', 'place', NULL);
INSERT INTO "i4ldata".t_ftype ("ftype", "fgroup", "description") VALUES ('farm', 'place', NULL);
INSERT INTO "i4ldata".t_ftype ("ftype", "fgroup", "description") VALUES ('road', 'highway', NULL);
INSERT INTO "i4ldata".t_ftype ("ftype", "fgroup", "description") VALUES ('footway', 'highway', NULL);
INSERT INTO "i4ldata".t_ftype ("ftype", "fgroup", "description") VALUES ('path', 'highway', NULL);
INSERT INTO "i4ldata".t_ftype ("ftype", "fgroup", "description") VALUES ('fence', 'barrier', NULL);
INSERT INTO "i4ldata".t_ftype ("ftype", "fgroup", "description") VALUES ('hedge', 'barrier', NULL);
INSERT INTO "i4ldata".t_ftype ("ftype", "fgroup", "description") VALUES ('wall', 'barrier', NULL);
INSERT INTO "i4ldata".t_ftype ("ftype", "fgroup", "description") VALUES ('boma', 'its4land', NULL);
INSERT INTO "i4ldata".t_ftype ("ftype", "fgroup", "description") VALUES ('river', 'waterway', NULL);
INSERT INTO "i4ldata".t_ftype ("ftype", "fgroup", "description") VALUES ('riverbank', 'waterway', NULL);
INSERT INTO "i4ldata".t_ftype ("ftype", "fgroup", "description") VALUES ('stream', 'waterway', NULL);
INSERT INTO "i4ldata".t_ftype ("ftype", "fgroup", "description") VALUES ('drystream', 'waterway', NULL);
INSERT INTO "i4ldata".t_ftype ("ftype", "fgroup", "description") VALUES ('wetland', 'natural', NULL);
INSERT INTO "i4ldata".t_ftype ("ftype", "fgroup", "description") VALUES ('peak', 'natural', NULL);
INSERT INTO "i4ldata".t_ftype ("ftype", "fgroup", "description") VALUES ('valley', 'natural', NULL);
INSERT INTO "i4ldata".t_ftype ("ftype", "fgroup", "description") VALUES ('ridge', 'natural', NULL);
INSERT INTO "i4ldata".t_ftype ("ftype", "fgroup", "description") VALUES ('cliff', 'natural', NULL);
INSERT INTO "i4ldata".t_ftype ("ftype", "fgroup", "description") VALUES ('borehole', 'its4land', NULL);
INSERT INTO "i4ldata".t_topolinearfeature ("uid", "fgroup", "ftype", "fsubtype", "fname", "furi", "geom") VALUES ('{a7b5139d-48bc-4909-9157-d0a359afcaa8}', 'highway', 'road', NULL, NULL, NULL, '0102000020E610000012000000AB8285430A66424067416103027D01C00F9E36AAAB654240D3E86AB9D49901C06BB1C24AFA6442404591153400C101C044F86EA4E2644240BF2593222CD701C036578A50C36542405C95994663EA01C028B6A5FCA3664240AA62BB8B831402C076284D49D3664240D93F864A402602C0C1DFC0B57D67424039F159D7AF3E02C040CE144F9C67424045E78F00134302C0CE117F94DB684240D96AC3B0496702C02C94706DB069424090C97F968B8802C05B55E9D91A6A42400A5EFD84B79E02C08A166246856A4240A7CD03A9EEB102C00F52A7C5716B42404A3EAB917ECF02C0F8A89DABFF6B42405C418EDF88EE02C0286A16186A6C4240EAC320CB660803C030723BDEBC6C4240427D1584872103C0E2FF93918D6C4240E4EDBC6C173F03C0');
INSERT INTO "i4ldata".t_topolinearfeature ("uid", "fgroup", "ftype", "fsubtype", "fname", "furi", "geom") VALUES ('{3af4eed4-1cd4-4d00-b05c-de5129fa183a}', 'highway', 'road', NULL, NULL, NULL, '0102000020E61000001400000033333333335342403E7B2438CE1503C01438DE23A25442406D550CA9800803C0A07B4869E155424094403E5828ED02C0B793B7BBD95642403EAB1FA5A3CC02C005065F08095742403EBBC81E40B402C0AFFAF72D0D58424046BA275AE7A902C0A05913DAED5842400003752A78A502C0D622B10CAB5942403EDB1A12798302C0F5424525F65A42402FFDAE8E636702C005538FB19B5B4240CA69D264905B02C01463D93D415C42405DE73F79B24102C062D5808A705C424056F889B7A73302C06244E6C2F65D424094C086250C2A02C0E67F2B42E35E42402F1D01829C3602C081647ADB415F4240460A75BAF52F02C024C05373796142404E09D4F59C2502C02B37DE7152634240085221C62D2102C0525F9750F0644240F1540414384002C098387F0F5366424018308D49433D02C0C1DFC0B57D67424039F159D7AF3E02C0');
INSERT INTO "i4ldata".t_topolinearfeature ("uid", "fgroup", "ftype", "fsubtype", "fname", "furi", "geom") VALUES ('{fba17c33-78f9-49e6-b0e8-4b0954c3493f}', 'highway', 'path', NULL, NULL, NULL, '0102000020E61000000C000000F55D6DF1146D424007DB6EA3B37E02C0852A720F116D424053C9A665F37E02C077D9EF7B0D6D42401953B837527F02C0348B1AA50B6D4240DEDCC909B17F02C09E98879F0A6D424013B6981C258002C0F23C45CE096D4240F6FD70749C8002C010D1E845086D4240DE6BD7B3188102C0A1D60006056D42404385B601A08102C0DBACF05FFF6C4240EA15C6379B8202C0C3274579FB6C42403034DBAC798302C04E897C83F96C4240F51678DA858402C04EDD6DD6F36C4240704C1260828502C0');
INSERT INTO "i4ldata".t_topolinearfeature ("uid", "fgroup", "ftype", "fsubtype", "fname", "furi", "geom") VALUES ('{fa754f3c-9d80-45d8-9187-db9554b6ba52}', 'highway', 'path', NULL, NULL, NULL, '0102000020E61000001D000000F55D6DF1146D424007DB6EA3B37E02C0DCEF57611B6D4240CDE74F645A7F02C027778293246D42402A4832DDA87F02C09CD00B5D2D6D4240991ABF0C068002C0DB197B6F356D42407093ABA62B8002C04145596E416D4240845CD4051F8002C007FAD429516D42407CEEF24D4A8002C04FE2F0E3636D4240C2A28BAF828002C0566B21876E6D4240DF4D594FA58002C0D1E23E8E7C6D42402051EC684F8102C00661C8828A6D4240A2E2ED69F18102C07BFD800F9A6D4240055B5C4A878202C081F29657A86D42404A0DF6BE0A8302C015CA29E9B36D4240E33AF6E8C18302C0878FB5BCBD6D42406232ADB5728402C0C088250CE96D4240EC8D3E55738502C03373E66F046E4240889A76173F8602C07167D66F2C6E42402088F62EB38602C056091409516E424094BD62FCC98702C01F80A71D766E4240E7A86F81488802C03817F91C9D6E424091EC1173F38802C0E63FE881B26E4240F48A526AAD8902C0DB621BDFC96E42404475659C728A02C0221B6426E46E4240A83C26CABB8B02C005583FE6116F424065174D233E8D02C010F65BA93B6F42402FB1A902D08E02C076FC46DD5A6F4240E8553E73539002C0AF4ED6F1936F4240CE487D72A29002C02B7F066E9A6F4240EA983B5AE79002C0');
INSERT INTO "i4ldata".t_topolinearfeature ("uid", "fgroup", "ftype", "fsubtype", "fname", "furi", "geom") VALUES ('{d2d4e044-b73c-44b0-a1ab-72d5441ae5b9}', 'highway', 'path', NULL, NULL, NULL, '0102000020E610000012000000F55D6DF1146D424007DB6EA3B37E02C0C986A8951B6D4240FB0B83E5617E02C0FC915C88226D4240B543D90A277E02C08654951D2B6D4240B53D3A2D977D02C0B339BB282D6D4240E3670C8C2E7D02C08F8DEA78326D4240FBF9A54CB27C02C0400FBB31386D4240B5AE2C832F7C02C0CAD1F3C6406D4240E3D8FEE1C67B02C027AF0651476D42409E8D8518447B02C0DF5665F1516D4240FB64F9C4BA7A02C0BAAA9441576D42406FD4A50F457A02C0C6F6B010616D4240FB58BB099B7902C023D4C39A676D42408660A0F2387902C03233A7DD736D424040152729B67802C0922381DB7C6D424058A7C0E9397802C01CE6B970856D424086D19248D17702C04CDEA6EF896D4240E32BD6E38F7702C0220C48588A6D4240FB403F935B7702C0');
INSERT INTO "i4ldata".t_topolinearfeature ("uid", "fgroup", "ftype", "fsubtype", "fname", "furi", "geom") VALUES ('{3faf94a4-6718-4b05-8e8a-6e0491fb98ba}', 'highway', 'path', NULL, NULL, NULL, '0102000020E610000014000000F55D6DF1146D424007DB6EA3B37E02C0905566BB0F6D4240FB0B83E5617E02C006932D26076D42401221EC942D7E02C01CE01A93F56C42406F7B2F30EC7D02C06225F57EE86C4240FB05E407D27D02C026E1EB30DA6C4240E3EADB7A767D02C0C0CA834BCC6C42409E1C93C2AB7C02C0AF58D994BD6C42404039E15A157C02C0F59DB380B06C42404033427D857B02C06ADB7AEBA76C424058C5DB3D097B02C05F8F5E1C9E6C424086EFAD9CA07A02C0265E1C42926C4240CCB1B8994B7A02C01D25C7E68A6C4240402165E4D57902C0BA2126757F6C42406FC86754257902C0571E8503746C4240FB4C7D4E7B7802C0F2071D1E666C424086D19248D17702C0108E5FE65B6C42406FB68ABB757702C0D54956984D6C4240E3253706007702C04A871D03456C424029E84103AB7602C096F285D63C6C42408642859E697602C0');
INSERT INTO "i4ldata".t_topolinearfeature ("uid", "fgroup", "ftype", "fsubtype", "fname", "furi", "geom") VALUES ('{d3db7ec7-09f4-40ff-be6a-ebad9693a127}', 'highway', 'path', NULL, NULL, NULL, '0102000020E61000000C000000348B1AA50B6D4240DEDCC909B17F02C0ACC8E10F036D4240FB1D607E118002C09A563759F46C42409E46ECD19A8002C0075BA968E46C424012C2D6D7448102C0C903D9A6D36C424040F8E6F1FB8102C00F49B392C66C4240E3207345858202C07F60EC15B96C4240CC0B0A96B98202C09AD3676AAC6C42409EE13737228302C0E95197B1A66C4240589C5D4B2F8302C0E01842569F6C4240CC11A973498302C0DD057BE29C6C4240581F2D3A778302C0DAF2B36E9A6C4240864F9E769E8302C0');
INSERT INTO "i4ldata".t_topolinearfeature ("uid", "fgroup", "ftype", "fsubtype", "fname", "furi", "geom") VALUES ('{2b8225d3-31d6-4216-9a1b-24d56f511d67}', 'highway', 'path', NULL, NULL, NULL, '0102000020E6100000210000001E280F89906C424009552CD5D18302C0EECE229E8A6C4240F2C9BB1F108402C04BA9588B846C4240FB3F0ED7648402C05E4EC1677F6C4240E9EF467DCD8402C0A2C1B2A4796C424013675CA1388502C01D3AA58B716C42400ABF78F46C8502C019ED652D666C42403DDE71C5A38502C0C533E1745D6C42401335CBABC18502C053DC9FC2566C424018707407EC8502C030F1A36A4D6C42409639D75E1B8602C063A965B63F6C42409A7480BA458602C08FB512433A6C4240F3017749348602C0413306D42F6C4240E51EEA403E8602C0CFDBC421296C42407FAE66A9598602C09F82D836236C4240F83C20A55E8602C03E5B63EB1D6C4240C958D02F528602C0FCD1AA99166C4240EA59939C688602C0CD78BEAE106C424047223387818602C03A87B2B6F66B42403B66F104D88602C0AAD9CA76D96B42402F4FE36F398702C0CB324F54BF6B4240F5D8F77A908702C0D826FD17816B4240A95A9BCFB88702C0DDEBBAA25B6B42409132DF8F4B8802C04170EB58476B42408FED69740C8902C056A9C6D91D6B424068D91642ED8802C0841AE61FEF6A4240E4216E84D78802C07684AE70B46A4240749EFE7D928902C066EDE3B19A6A424060256E6C138902C04FA45173836A4240EA5D36A91A8902C09CDD3A5A6C6A424022002C59A98902C08038FDEB546A4240788D1518BA8A02C03724C34E386A4240C0ECBBF6858B02C005D37407006A42407EE948466D8D02C0');
INSERT INTO "i4ldata".t_topolinearfeature ("uid", "fgroup", "ftype", "fsubtype", "fname", "furi", "geom") VALUES ('{77290893-e229-47bd-beeb-c0c7efa7beb7}', 'waterway', 'stream', NULL, 'Ngatatek', NULL, '0102000020E6100000D4000000B3B66D4B28744240FB01F9C7628402C0B2B66D4B137442401B9F0F11B48302C0FB4892140D744240D1C72685E68202C0FC489294FC73424019FE24A6F78202C08E6DDBA6F4734240175519D9618302C0E1DEE4EED2734240F38852505A8102C02CEDA4FCB2734240ABD3FFDB7B8002C06BCE3B39837342403B739192E48002C0FACF9C686173424033F4E2923A7F02C01FC449B442734240B2CD703E6B7F02C08BF4A754E8724240A0D6BD52247C02C0650A40EECF72424036C023AA217802C03A700A9A977242403DB2FD5FE87802C09E4BCD978B7242409B4070C6997702C07D9D59D478724240127983A85B7802C00647E21A6F7242404C0D3BFD127702C0E4EC49B155724240E5851A10B87702C049BCD5704072424085F66688DE7602C074A5FF712B724240B268F4C7097702C046DBB65D16724240D6F62376277602C0D8FFFF6F0E724240558E31D4727602C0FC48929407724240B6A154CD437702C08F6DDB26F271424067B78266827802C0B4B66DCBEC714240300297D6267902C06B244982E5714240CD6099643B7902C0D8FFFFEFD67142408F457D4A597802C0B4B66D4BD07142407DF57A29487802C021922439CF714240E9D285619A7802C0FD489294C8714240F2288D9ED47802C0D8FFFFEFBE7142406E7288EFAE7802C0FD489214AF714240687371A5037802C046DBB6DDA5714240B6A154CD437702C06A2449829A714240386958C85B7702C0D8FFFFEF947142406C0B6968C97702C046DBB6DD90714240F52387A8A47802C0FD4892948C714240EE62A504A97902C047DBB65D7D714240BEB9B5E1507A02C0906DDBA66F7142404A3ABE3AB47A02C06C2449825B714240B253C351F57A02C0906DDB2653714240F314D6C9227C02C06B244902427142405AC8DAFC8C7C02C0FE48929432714240F2CED901757C02C0FD4892942371424001A2D3D3F27B02C06C2449821C714240EDD7CC597E7B02C0FE489214E9704240ED5AC66D1E7B02C0FE489214E07042405AF7CBA5707B02C06B244982DA70424056C8D8065D7C02C0229224B9D170424071A0E29AB37D02C0B5B66D4BC270424084A7E32B697E02C06B244902AC704240216BE38E9C7E02C06C2449829B704240ED7BE347927E02C02292243991704240F9D3E238DA7E02C0D9FFFF6F7F704240ED84E1702C7F02C0906DDB26697042406AF3E0D8477F02C0906DDBA65B704240F255DFEF887F02C0D9FFFFEF50704240DB70DAD1188002C047DBB65D45704240C133C7D2728102C047DBB6DD3A704240CCD6AD4AA08202C0B4B66DCB367042407F73A4C9FC8202C0B4B66D4B38704240AB698FC7B58302C022922439407042400A4B87DEF68302C0FD4892144A704240F5B57F1B318402C0B5B66D4B4D704240D8316C90BD8402C0D9FFFF6F46704240AC1F49AA9F8502C06B2449023A704240C03427EF628602C047DBB6DD2E7042401C4DE415B68702C023922439257042405A33A5FFCE8802C0FE489294187042401C6365EECF8902C0229224B90E704240F7141366FD8A02C023922439FB6F42401722F1DF718B02C0B4B66DCBEB6F4240944BC1750F8C02C0239224B9E46F424030758706C58C02C06B244902DA6F4240413C28F0DD8D02C0DAFFFFEFD26F42405F2BBE20018F02C0D9FFFFEFBD6F4240EDF196E6678F02C0D3CDE6EFA86F424006692F946E9002C08F6DDBA68F6F42406589A8DAAA9102C08F6DDB267F6F4240C057DBA06B9302C0219224396B6F4240C057DBA06B9302C0F5E82CE05B6F424017E507E55E9402C087502DE33D6F424089C34085B29302C0E8EC6C16136F42402D72E049CB9202C06B6EE7DCFD6E424060FA1902EE9202C00A3AE64AE36E4240B460316B809302C031FAD925C16E42407CC2B30AB89302C01EEFE5F4936E42402F219BCB2A9302C02DA47AB7516E4240E6900DA8949302C08D10A877326E424068A4CA864F9402C0EEF15B001A6E42406FEA96159A9302C01250F1FCFC6D42406C4BEB20B99202C09E878B53FE6D4240D2BE2C71C39302C009E7A8CFDE6D4240A579CFE85F9502C0EC23262ACF6D42408C10C8B53B9402C064AE9BFDC06D424029BCDCC4609402C00008A195C56D42402B01BABD9C9302C049188F0BC46D42407EFBB48C199302C00C97B4CFAB6D4240A4CD2AC8049202C013F996429B6D424018182DD4009102C0756C0A59846D4240CC1ACD99039102C0FA7DC445756D4240421AC7868C9102C08C328174686D4240FAB478C3EA9102C0CFB8382E636D42404FBEB74A0E9302C0309224F9526D42407DCAA85D4F9302C07A244942516D42404B1C70EBB69202C0C3B66D8B526D4240DE90D118DF9102C0319224B9536D42402ED777BD879102C07A244982506D42407A5930D9039102C07A2449C23D6D42401E7B58EDA39002C07A244942396D4240FC3F73D6629002C0C3B66D8B3A6D42400CFDA0C6A38E02C0C3B66D4B3E6D4240F6445E33FA8D02C07A244942336D4240A910884C828D02C0E8FFFF6F316D424084AF83C0078C02C07A244982296D4240AF55AE4B7B8B02C07A2449C2286D4240B52B68E3B28A02C00C499254286D42409F4C0CFF2E8A02C0309224791E6D4240777DA210DB8902C056DBB65D126D4240F5BD4B57388902C09E6DDBE60C6D4240C6AA6C4FAF8802C056DBB6DD046D42403F9C5C0EDA8702C00D499254FB6C4240AE4F84361A8702C0C4B66DCBF76C4240BBDC19E0AA8602C09F6DDB26F76C4240EFFB027EC48502C0A06DDB66CF6C42405B5B77C56E8402C0E8FFFFEFC06C4240E15083B3158402C09F6DDBA6B06C4240E15083B3158402C056DBB65DA36C42408E08892AE98302C0EAFFFFAF8E6C4240CC7C91A6A48302C00E4992D47E6C424022C90EEBBA8302C0E9FFFF2F606C4240A5BAB2E76C8202C0E9FFFF6F566C4240732AAF96928202C0329224394D6C4240A5BAB2E76C8202C07B244942436C4240EEE2B863288202C0C4B66DCB3D6C4240A4363E03E98102C0C4B66D0B3D6C4240D62DCB95388102C0A06DDB66366C4240B0BACC9A208102C0C5B66D4B276C4240A94ACC74278102C07B2449421C6C4240D62DCB95388102C0329224B90C6C424096E94DC30D8102C0E9FFFF2F036C424073A1536AAA8002C00F499294FE6B4240E4429D98CC7F02C07D244942FB6B42404EE6223AD47E02C0EAFFFF6FF06B4240868BA325877E02C07D244942DD6B4240786F23FD997E02C0EAFFFF2FC46B4240AA9523957E7E02C00F499214BE6B424085AFA355507E02C0A26DDB26BF6B4240E999A115757D02C0104992D49A6B42406FDF9E08047D02C00F499214886B424034EE9BF6AA7C02C07D2449027E6B4240E70E18C14C7C02C059DBB69D706B4240350F09F8447B02C0C7B66D0B6E6B4240D98BC20AEB7A02C059DBB61D696B4240F645B2322B7A02C0C7B66D0B5C6B4240BEAA22538F7902C0104992144F6B424077211BCF4A7902C07E244982466B4240A0BC8C31D17802C0349224B9436B4240C08AF5C3207802C0ECFFFFAF416B42401C50CE671C7702C0349224F9426B42400BE62D465E7602C0C7B66D8B3F6B4240559E8770927502C010499214376B42401BB1F43A347502C07E2449C22D6B424079855F2BCF7402C0EBFFFFEF256B42406AC6461E5E7402C0A26DDBE61A6B42404DD0A23EC27302C058DBB65D176B4240C093FDCB297302C0EBFFFFEF196B42407D4DD1817E7202C0349224B91F6B4240BCC6B09A067202C0A26DDB661F6B4240E8008E468B7102C0C6B66D4B1C6B4240E3CC653E027102C0EBFFFFEF106B4240FE41CA75A77002C0ECFFFF2F046B424084143E10807002C0EDFFFF2FFB6A4240B2033DA37C7002C0A36DDBA6F16A4240B1A05FB0ED7002C011499254E86A424067AD4852A27002C0359224F9E56A4240CEEAB3845F7002C05ADBB65DE16A424020C4B1AA587002C0ECFFFFEFDA6A4240591F9D93177002C0C8B66D0BD56A42402772E4926A6F02C0C8B66D0BD56A424025D44637136F02C0C8B66D0BCF6A42402797C55D596E02C0ECFFFFEFCE6A42405F420B11BA6D02C011499214C86A42403A68666E586D02C0A36DDBA6BB6A4240C69A0EB8436B02C07F244982BC6A4240F4D6685CEC6A02C05ADBB65DC36A42406DB5A0A2496A02C05ADBB6DDC16A424067F76587BA6802C059DBB69DB96A424067623A75616802C0C7B66D8B9D6A4240C78757799C6702C0369224797E6A42407F48068D296502C07E2449C2796A42406619FA3A8F6202C07E244942786A4240F1D9B0C01A6202C05ADBB61D7C6A42408E63337B576102C0ECFFFF2F7D6A4240D67C5A29D06002C011499214836A42403307911DA65F02C0C8B66DCB876A4240AFC58247DA5E02C0C8B66D8B886A42405B46CF31E05D02C0114992948D6A424020E08F8BDD5C02C07E2449828C6A4240054DD8E3935C02C07F2449C2886A4240DCD07CFC1B5C02C0A36DDB66836A4240D7050840855B02C0114992D4836A4240C87A30E9155B02C0ECFFFF2F836A4240441E3FBD875A02C0369224B97A6A42404F80E61C1A5A02C0EDFFFF6F706A4240480F11A0B15902C07F244982686A42405AB0122D195902C05BDBB65D606A4240B593D061CA5802C0A46DDB265D6A4240654912BA805802C07F2449C25E6A4240CEAFC5A1925702C0C9B66D0B5A6A424075DF778F395702C0A46DDB66536A42402BEAADA0E55602C07F244942486A424048D0E95F0A5602C05BDBB69D476A4240B1CB7C78925502C0');
INSERT INTO "i4ldata".t_topoareafeature ("uid", "fgroup", "ftype", "fsubtype", "fname", "furi", "geom") VALUES ('d2e53a81-95e2-4fe2-bcf7-40fd8c43edbe', 'boundary', 'national_park', NULL, 'Mt. Kenya National Park', '', '0103000020E6100000010000000C000000A9FBD51C72924240240A0CCDC708BBBFAA1A2E323397424088E24A8853AE9BBF19FF819521AB424078308F6111E1A03FEB0719539FC1424050CE8976CC12A33F00ED81FA97CC4240A86BF25FF715B4BFC516B099F5CC42403E3513C5098CD1BFC516B099F5CC4240C20E03043B21D8BF56325C3607B94240C849D9D59BC3D7BF10BBD1E1C6AC42409071274795B0DABF6500AC1D369942402A409525E868D9BFE5F0FF92D5964240E4D72FB21EEBD2BFA9FBD51C72924240240A0CCDC708BBBF');
INSERT INTO "i4ldata".t_topoareafeature ("uid", "fgroup", "ftype", "fsubtype", "fname", "furi", "geom") VALUES ('6a920b41-cab0-4a8f-be42-a86f6c6663c7', 'natural', 'grassland', NULL, 'myGrassLand', '', '0103000020E61000000100000006000000AF8960FC437D424011C0681A57A4C7BF9707906C178B4240BA02FD2A3255C2BFDD85E1ACBC8F42403033EDE1F510CCBF4E9508192F8F42405A81F91A4283D2BFD3BD29CF908442408CC871070CCAD2BFAF8960FC437D424011C0681A57A4C7BF');
INSERT INTO "i4ldata".t_topoareafeature ("uid", "fgroup", "ftype", "fsubtype", "fname", "furi", "geom") VALUES ('{6c9188d9-75d4-4aa1-b3ab-abdb76e67a8d}', 'its4land', 'boma', NULL, NULL, NULL, '0103000020E61000000100000009000000942966C5906F42401A83F43B009E02C06E11D777836F42406C79AEEB589E02C0E8944B73806F4240682512D11A9F02C09C4E05C0896F42404BB3D2E0F09F02C070536029986F4240E3130F1726A002C031CCF3EB9F6F4240CF7FB227579F02C0682EC12E9F6F4240B66743D55E9E02C039F192E6986F4240B2E33072359E02C0942966C5906F42401A83F43B009E02C0');
INSERT INTO "i4ldata".t_topoareafeature ("uid", "fgroup", "ftype", "fsubtype", "fname", "furi", "geom") VALUES ('{6b59350a-e3a4-4440-b2de-29ffc575c25d}', 'its4land', 'boma', NULL, NULL, NULL, '0103000020E61000000100000008000000818024EAE36F4240963986936A9402C03FB72EFBD66F4240C5FAFEFFD49402C0C82C3022D56F424060DF4D99339502C0642EF9EFD96F42400048AF95BB9502C0F80A23C3E56F42407573AA88029602C08A46883DE76F4240646360FC5C9502C038335459E86F4240C5FAFEFFD49402C0818024EAE36F4240963986936A9402C0');
INSERT INTO "i4ldata".t_topoareafeature ("uid", "fgroup", "ftype", "fsubtype", "fname", "furi", "geom") VALUES ('{bb66897d-84fb-4878-84e8-80f32e8da8ec}', 'natural', 'wetland', NULL, NULL, NULL, '0103000020E61000000100000023000000F439EDDF0D6A424014EA98348B5602C0CADEED711C6A4240ECC3A5D2966602C0B5252D663F6A42402B7060FA6F6D02C0C77ECB5B576A4240466EC4AF217202C04C55911DCB6A4240DB473EE8A57702C0312875A02F6B4240BCE33FB1737C02C0C3F9F478416C4240F961B913C18302C00ADE86329E6C4240EB69148AA28D02C0F3347D182C6D4240FA572987549102C048AF492BAE6D42400A02D4651F9B02C0BF1CCECF096E424011F189272AA902C050B76EF1006E42408E2D706B6FB402C0EB9BBD8A5F6E4240AD4D0484BAB502C0181BAD45B56E4240A55E4EC2AFA702C024A7E46E316F42403099F27C439E02C04EED17AFBD6F424087CD8EF4349302C0F4124134C56F4240F5843AA5BD9102C011EC11A1D06F42401FC1F073838F02C0D71FD2C4DA6F424030755B69898D02C0C79358CEE26F4240B4E4E075CC8602C07FE74C96F16F4240029BF2E0E28002C0944ECDFE4E6F4240F26873C5498302C0BE074D830E6F4240B497F0C2638002C0FF6E460B0B6F4240BC60C221B07E02C008884CB0F66E4240F12CE6D82E7E02C08C7CC8C0CC6E42400A42EF6CDC7C02C0C89C9CCF416E4240B8F362EF617A02C03D231202326D424053F3A927897302C037F8F62F7B6C4240023F411A0B6F02C0937A7ED6256C42404E70A9037D6C02C01B6C22078F6B42404CDD85A1826702C01BBC2849486B424080F00180CB6402C09D6E22D6C56A424035446CA2916102C0F4AB84D8626A4240D174A7C56A5602C0F439EDDF0D6A424014EA98348B5602C0');
INSERT INTO "i4ldata".t_topoareafeature ("uid", "fgroup", "ftype", "fsubtype", "fname", "furi", "geom") VALUES ('{de8fadd4-2214-4b3a-b019-1de39221b24e}', 'its4land', 'boma', NULL, NULL, NULL, '0103000020E6100000010000000C000000A43934EC2D6F4240F59F557FE07E02C0711954FA256F4240F59F557FE07E02C095EF59961E6F4240B97F81706B7F02C0D5178B2C216F4240CBD154AE258002C00355B974276F4240B1E6C1E29E8002C09B1495F1346F4240B3284B94B38002C06170DA5D3E6F4240CF5567114F8002C0EFC88D2E3E6F4240127E60E6168002C0B3830E423D6F42404F9E34F58B7F02C01C65F71D3A6F42404554867D247F02C05BEC635B326F4240F7E1DE30F57E02C0A43934EC2D6F4240F59F557FE07E02C0');
INSERT INTO "i4ldata".t_topoareafeature ("uid", "fgroup", "ftype", "fsubtype", "fname", "furi", "geom") VALUES ('{8e01d35d-ec2b-4249-9191-45a103f906a9}', 'natural', 'wetland', NULL, NULL, NULL, '0103000020E6100000010000001A0000006B7B8B61FD7242400EFFD01C007D02C0F1F85992FE734240D0BEA8EB697A02C021FC5BB07D7442409A3975D7937302C0D6CB3D1563744240821840FAEF6702C08CDDA82B5D744240A937334EE25E02C0F1F85992FE7342401EC9CDEE035602C0EFB6D0E0E97342408228E9738C4F02C01FBAD2FE687442402DFB4C0A9D5302C04AF73808AA744240B1F2276BA25A02C0EDE3AC675B7542403DA5F7E8675D02C044A0022CF2754240B9AD1C88625602C058345F1BC1764240928E2934705F02C00A311D071878424035A698ADC06702C07A476BCFBB794240C014FE0C9F7002C04E37E14CEC7A4240F755C7028E7D02C0D0309D1AC47B42401E6511DDE38C02C031C83B1E3C7B4240E7139F6D589802C0BEDEC9DC097B4240E7CF344F719E02C0EBEE535FD9794240DF58AA50989C02C08422B40E9D784240542EAF0FA18D02C000E76E8FB077424092F6AB7D058402C03983303BFC76424073D61765BA8202C0A122F404C776424063602E2B3A8B02C0B547EBBB0F764240A1A0565CD08D02C0F9007F5851744240D036D4AE9B8602C06B7B8B61FD7242400EFFD01C007D02C0');
INSERT INTO "i4ldata".t_topoareafeature ("uid", "fgroup", "ftype", "fsubtype", "fname", "furi", "geom") VALUES ('{76cc418d-018a-439e-bea2-d8d03136371e}', 'its4land', 'boma', NULL, NULL, NULL, '0103000020E6100000010000000800000004659555A97042409EADDEC0208C02C0B2F225CAB47042409221A797A48B02C034E44C4FC4704240E89B73AA268C02C086F78033C3704240419A5220D28C02C060DFF1E5B57042409A9831967D8D02C0448DC6EBAB704240705BCB8C3C8D02C0DFEDCA60A67042408380C243858C02C004659555A97042409EADDEC0208C02C0');
INSERT INTO "i4ldata".t_topoareafeature ("uid", "fgroup", "ftype", "fsubtype", "fname", "furi", "geom") VALUES ('{e5fd8e84-bc91-4af7-8a7b-8c2201f69fd8}', 'its4land', 'boma', NULL, NULL, NULL, '0103000020E610000001000000070000004CCFDF1A4B70424071425C88F49A02C04D70A473557042402BD8D901189B02C071E76E6858704240F57DA107E19B02C0CC1F42475070424046745BB7399C02C02758152648704240F57DA107E19B02C0941CB0AB46704240E56D577B3B9B02C04CCFDF1A4B70424071425C88F49A02C0');
INSERT INTO "i4ldata".t_topoareafeature ("uid", "fgroup", "ftype", "fsubtype", "fname", "furi", "geom") VALUES ('{a71fd96d-7d5e-4ed0-a290-2084a436e45c}', 'its4land', 'boma', NULL, NULL, NULL, '0103000020E61000000100000007000000E0E5FD56A36F4240EBFA2F6910A602C0864EEFD0B56F42409D88881CE1A502C0BE51816CBF6F42408EE7A3C8C1A602C0198A544BB76F4240C4B041FB7EA702C086AD2A78AB6F4240578D6BCE8AA702C0BB6E3362A06F42408EE7A3C8C1A602C0E0E5FD56A36F4240EBFA2F6910A602C0');
INSERT INTO "i4ldata".t_topoareafeature ("uid", "fgroup", "ftype", "fsubtype", "fname", "furi", "geom") VALUES ('{16c4b77a-0af9-4887-bb50-1c553f02c3b0}', 'its4land', 'boma', NULL, NULL, NULL, '0103000020E61000000100000007000000D0FA5EA8896F4240D5F76B12D36F02C08C9040C18F6F4240630EFAD0A06F02C05FF4D6D1936F4240236A135F027002C07AA53D73936F42402A723825557002C04C680F2B8D6F4240E3C52CED637002C07904791A896F424002775BCD287002C0D0FA5EA8896F4240D5F76B12D36F02C0');
INSERT INTO "i4ldata".t_topoareafeature ("uid", "fgroup", "ftype", "fsubtype", "fname", "furi", "geom") VALUES ('{f0549028-bd3a-4b13-afc2-57cc5f96cf87}', 'its4land', 'boma', NULL, NULL, NULL, '0103000020E61000000100000008000000D434B7B0B86E424058E2B95939B502C0AFA7D2CCC46E4240B3262B61FAB402C0207062C3CB6E4240AA6EABEAA3B502C06DA2DDA4C96E424014976D846AB602C05A57531AC56E4240FB57F1A4A4B602C083F3B9E6B96E42400C8299E47DB602C0C90731F7B56E4240573F0E83CFB502C0D434B7B0B86E424058E2B95939B502C0');
INSERT INTO "i4ldata".t_topoareafeature ("uid", "fgroup", "ftype", "fsubtype", "fname", "furi", "geom") VALUES ('{cf3d8798-8abf-479b-b62a-1a7066dfd44b}', 'its4land', 'boma', NULL, NULL, NULL, '0103000020E61000000100000008000000629F6967076F4240858EAC104AB802C0F0DF09A2156F42403B178F1FCCB702C01785A09F1F6F4240325F0FA975B802C061A899981C6F424029A78F321FB902C0F3EE8B8A166F42404143603B7BB902C0CC49F58C0C6F42408C5D290363B902C0AFD1E448056F42408D00D5D9CCB802C0629F6967076F4240858EAC104AB802C0');
INSERT INTO "i4ldata".t_topoareafeature ("uid", "fgroup", "ftype", "fsubtype", "fname", "furi", "geom") VALUES ('{e060dd29-0855-4256-84b5-6eb4aa064283}', 'natural', 'ridge', NULL, 'Lolmoloo Hills', NULL, '0103000020E6100000010000005B000000CBC5398E5A7242400E63BFAB0AE502C077263D0840724240E5817973EEE702C04351340040724240D1DC6EA43BE902C0E1E367BB36724240BF386B2907EC02C0C70BB83F17724240DEBF77ABE7ED02C081F569FE0072424005309B92ACEE02C033DC9C480372424027E549B11BEF02C05F52CA261472424040F6037228EF02C0B811F75934724240B0C018985AEF02C050E3DCBC4672424033D341CF07F002C050D929B853724240AED492C93FF202C0383A7E58517242408721782D49F502C019D09CE955724240FEB18D29AFF602C06FF301654A7242407FA694A55BF702C018B1C1D024724240D4EC08C5A4F702C00DACE38A01724240E22C0C3FB0F702C0F6262B2EDB714240F2AB5B1DA6F802C0661E15C8BE71424050569796CDF902C065455FEFA37142403D731EA72FFA02C0EA2E3501907142403BFB2B76F1F902C0827642D48671424092FC61BFE1F802C004B0B82A89714240B1C185E956F702C085AD0EDA9A714240B07B930C51F502C0C51CF615A4714240FFA381BEF7F302C037F9F293A27142408556E137E8F202C097505EF590714240104255053BF202C014EAAAD45C71424045339EFFB1F102C0BEDE128036714240831EF2AC5AF102C04E53A309147142401B4890939DEF02C030351B960871424056A6D7A88AED02C0FFF3883CF67042406EDA95E45EEB02C0083B139CEE7042405D160BCBAEE902C08F9205B5F1704240F07007056EE802C00E6912CAE77042403B1316245BE602C0F9A7301CE770424085BBE398BDE202C0E524C475F37042406B85FA125EDF02C0376EB134087142406EBEEDFC95DD02C0000B3EEB0F7142406BC9EFE6B4DB02C0A2DBD37025714240250E6D1C8AD902C09D3DDCAD2E7142405E65CA71FFD702C06018B1AD387142403E458D7FB2D602C066BE33EC4171424093832B21EAD402C0471D6988437142407C8413B4BBD102C03A634FC64C714240B35BDC030CD002C04518FF7D547142400321FA90F9CD02C00C36478954714240CBBAF0A124CC02C0BCAE401260714240C210BA0ABFCA02C0E27D31DA6A7142409D2036B0D1C802C0E5E6C4AF72714240849A8CDCE0C102C04B86D39A76714240BC23851B5CBE02C043F1031F7F714240685A4325F0BA02C06E25CECD90714240E1C80E9EF6B802C066EC395BA9714240742339724AB802C0074F9CF3C47142407DD53A7FA1B802C0F97421F9E87142405B5E6B224FB902C038625C440272424040743C78B2B902C087A07CBC147242400AD623358CB902C0E1EBAEBC3D7242403F7608C0D6B902C0483944EA457242402C92936E23B902C0078384F14F724240E6A8E3D1CDB802C01CE339985772424018182D8208B902C0456450895C724240B68DEE8AA7B902C0EB95E1E4687242404EEA4A7C4CBA02C0F18648257F724240BE58582492BA02C024359A459572424074537C6D03BB02C02BD04919A9724240EA47A46777BC02C071C66533B1724240C2D6F1481EBD02C06DC1D179B07242404BCD06D526BE02C0FD970048C4724240F86571E3F2BD02C0C78AD55CE172424035AD5E03F5BD02C05DC1ABB7FD72424009CFCD118FBD02C0A41195D71A7342409ECBCBA99FBD02C013C45637307342404D9CDE1F97BD02C03E4EE2DD50734240675508F49BBD02C032E381A35E7342408E326D23DDBE02C07BB45DE560734240C87951F6ABC002C0E1A795364F734240D978427FA5C202C05C2CCD9936734240B81B8660D3C502C0A9958293227342407F18C21C89C902C03E702F3A16734240E0571CA6E8CC02C04A4FF0B9F672424067C6299D8ECF02C046DA0065EA724240AD3ECE0A35D202C03EBD5DEFCA7242403C9CC1BF1ED302C0B2B2AA15BD72424034629AB624D502C0BE38EABFBD7242403DABFDB062D902C0ED0068E7D0724240D026239503DA02C0C272B8C8D7724240FC21D5E0E1DA02C0F28CAD52CF724240226BFF80FDDB02C06807B22FA87242405C06F7BE49DD02C060B9794B8D724240478D15188DDF02C0CBC5398E5A7242400E63BFAB0AE502C0');
INSERT INTO "i4ldata".t_topoareafeature ("uid", "fgroup", "ftype", "fsubtype", "fname", "furi", "geom") VALUES ('{b67bcebd-e9a5-4371-b3b8-98c474ce0d22}', 'natural', 'ridge', NULL, 'Nganjoka Hills', NULL, '0103000020E6100000010000005800000094D0D7A0FD6C42400C8ECC5DF65702C0C1A4E88A3C6D424045E163F5225602C030727448896D424014A3BA65405302C0BB576C60DB6D4240FB03EB0AF25002C0ED23187F3A6E4240EF3A9F60FA4E02C0A9E5FE518D6E4240AE5223EB364E02C085CA80ACD76E42405E2C4F24FE4E02C0DF2E8861EC6E4240EADB96EFC04E02C04EBB9E86136F4240E1ED3E48F94C02C0C2F94B05406F42402D3EE9DBEA4B02C0900D3570976F4240DBE0A78A714B02C045041A01BD6F42408AC43475974B02C0372775D8E46F42400AFD24EACC4C02C0ADBC2B34F76F4240F6A2A748A24E02C083C8A5C405704240992ED5A6C74E02C01C7FF01A1F704240B49B7CB4494D02C053A234B43A704240656EFF616F4D02C0B8F6CE225070424064CA8EC8FA4E02C079B88F574F704240BEB9BEEE225002C0B79C80886F704240AFCC1D1A9F5002C0C8EF2BBF85704240C125D9188A5102C0DFA7AD5E8D7042404BED548D6B5302C0E3F7D4E48470424042217AF1335502C03C7EE48B6B704240C31911F4205702C016CE5A9F4D7042407329E5B40A5802C08ADAFD681670424009C5A3C55F5802C04D5F297602704240477A3761F35802C04738080A0770424029709D4BEA5902C0D5DCB6EE24704240063344BB4D5A02C097DFE4395570424059445DF2BD5A02C00BE6541466704240F3D4E9C55E5B02C04C058A7482704240E4205A68155B02C091D5B9F3BB704240C7D903296D5B02C04DBC08E5E67042405D301F7B305B02C0CE872EDE117142405DAA809CA65902C0FFC6E95B2771424069AF8950B05802C0734022C239714240F187C36EC95802C0FDE69AC646714240692911D9825902C01225B31560714240A1F92468395902C00120D14273714240B9BBB97AE35802C01BBF7A61A7714240BA24C729AA5902C0B75DEDC1B9714240DEB5AA16BA5A02C0F427D895D47142408B9CA81B115B02C09D4ADDEEF071424068D0A83FFC5B02C0922BB78EF8714240D4F2BB5DD15D02C01D8FC2F3E97142408C1A0441685F02C01DB69D8AD7714240C0ED538ACA5F02C0180A5A77CA714240BBEA367C866102C0F0F84C3FC17142403EFC84B64B6202C085D1A460A67142400FCD6C49BD6302C048E7F3558F71424066DA36A76C6502C058091EAA7D71424010942920F76602C0FF3AB60E62714240ACFE68D4276702C0B5EC26CE34714240C8222A2DC76702C018651ABF1A7142404943D87D576702C0DB14D1FEF87042401DAB821CF76702C074483B73B27042402C84FF20336802C0CEB6CC3E7B7042404ED843CF316802C061F96AD32D704240B729F4D4516702C0AFC5BAD5E86F4240F5DB8FC1AF6602C0198F4A7FC26F4240D4F98E2DBB6602C0DE45032B856F4240C92542FC566602C09A10ACEF616F42403DEF3EE9BE6402C0BA13723B406F4240E5E73193646302C061F8275A2C6F4240ED25EDC3136102C073AFD6BE246F42409D4B8C8C855E02C0156CEF872F6F4240CC01E67E5A5C02C0BF56F63B4E6F4240085CE705E95A02C0526C68427C6F4240D056C8A8FF5902C012C136BD916F424033942BC5845902C0623E1C48936F4240038AB315225902C07DD14729176F424029C1FC925C5502C0E205ACFD036F4240A12AB9CB745502C0386E61A3F46E424065A048DF395602C047088CF5C16E4240EC841A1D675902C0F67C2D03A46E42400F020EAA475B02C05A48F4FE6B6E4240F9EB83ED335D02C0708C03B43E6E424057AE4C828F5F02C0AAABBE2B1C6E4240201FE585CF6002C09765DB75D96D42407594EB9D0B6102C0FD74A1AA9D6D4240DB33141D9B6002C04A43EE6A636D42406DCCC03EAF5F02C0DC4976C32D6D424067420D30015F02C0281CB4DE026D424013141791375D02C01F5AF753E76C4240945E0D37B55A02C097D410AFDF6C4240ED7E603ABE5902C093289D24E86C424033201DF3AE5802C094D0D7A0FD6C42400C8ECC5DF65702C0');
INSERT INTO "i4ldata".t_topoareafeature ("uid", "fgroup", "ftype", "fsubtype", "fname", "furi", "geom") VALUES ('{6b6dd4f8-409a-4929-8a75-9d90560ab5bf}', 'natural', 'ridge', NULL, 'Kurket Hills', NULL, '0103000020E61000000100000031000000B8B81C3DE87042401AACA3CAE2B302C087C9B844D170424058254DB488B202C02EBC059AA27042408736B09924AE02C039B38C9592704240E281E15D9FAA02C01D1DBDD298704240692BDE8B3CA602C06810D7FBB27042408F35AC4A6EA202C052A49931B97042405AD278FA3F9F02C00C911A2DC0704240E75F54FBD39B02C0729804BABE7042405208C6194F9802C058CC73AEDC70424080A5C081249602C0CE39B0FAE8704240472D26F4E39402C06E5F09A6ED7042408D39E1A4FF9102C050821BE0F370424064515439188E02C090848992057142409D4BF4447E8B02C005AE83110E71424036ABD917E48802C019605CD818714240246908C21B8702C0410DD5B729714240DB732CCDEA8602C0ECAFE8343571424057DE4AD2728702C0B577073F38714240574150109B8802C0AE6EADE93571424042CC02E1008A02C030F87D7623714240FF315FBB068C02C0F006ABA222714240A3C397C0948E02C04BE453C01E71424006D5BDA2B39002C05756314716714240E5233801579202C0DCCB0F24067142403265002BD59302C08EB727C3F6704240C17352BBA99502C0B581827AF770424058CCAEB9C89702C0C4DD76B703714240EB35BADE099902C0668EDE2C197142401F485F73799902C01659BB1637714240D1D8A61B0B9902C01514FB6A50714240FF8D97E3EF9702C0916CC4EC7C7142404E895D68729602C0ED7176749F714240EBD89368579502C0CDF21BEDB4714240464E5F3E3F9502C07FB628A4BF7142406B24C849119602C0A19E240EB4714240C0EB5F33A29902C053085C24A371424060C6EA11839B02C03793561F827142404C76A0E9949D02C0991974996C71424092D39364D89F02C0EC2DD92B67714240F397984D66A202C0F4A13B9A68714240F7A90EA2B0A602C0F129DC005D71424078F05A49C9AA02C0E69641274571424035A98B8928AE02C06E7EFCB53271424054072801D8AF02C0E21C18C22B714240494D452703B202C0705CE71E277142404463EAEE8DB302C0BAAF201710714240049A4E8BB5B402C092950B53F8704240FDD561F28FB402C0B8B81C3DE87042401AACA3CAE2B302C0');
INSERT INTO "i4ldata".t_topoareafeature ("uid", "fgroup", "ftype", "fsubtype", "fname", "furi", "geom") VALUES ('{83d2e6df-b81b-4b8f-a03f-88b001834e4e}', 'landuse', 'farmland', NULL, NULL, NULL, '0103000020E6100000010000003400000031DF5158B36F4240A81CF9A1EB9002C01F467871B66F42400C4A7B23D29002C07B1D5C4DB86F42407935F69F0D9102C000D227C1BB6F424035A22075109102C08F02B96FBD6F42403FF88909209102C08DA307E1BD6F424088EADBB1479102C088E5A4C3BE6F42400523ADD9779102C0AAA578AFC16F4240F0DE69179E9102C0F4124134C56F4240F5843AA5BD9102C05379C99DC76F4240248D78FDEB9102C00A289155CB6F4240A6BC363C019202C0959ABFE6CD6F424004F3CBA6029202C01F0DEE77D06F42407CCC2051089202C0442C73F2D26F42401E968BE6069202C000999DC7D56F424004F3CBA6029202C0E84161C3D96F42407276B7BCF89102C09A32C65DDE6F424029846514D19102C0C30FAEF5DF6F4240FA34D3ABAD9102C0569FF032E16F4240BC98EA97959102C01FE791D1E16F42400523ADD9779102C08AF89D05E16F424025BD5930619102C097D314CFDE6F42403A019DF23A9102C06DF62C37DD6F4240FB64B4DE229102C0A70D3D27DC6F4240D76B8B0A0F9102C07AD1A300DB6F4240C2BFB8E1EF9002C0854D693BD96F424001F4118FC29002C0F3BD26FED76F42400CE2EBBC8C9002C02717D4D0D76F42409AFF83296C9002C0C1C32ABAD76F42401DC7B2013C9002C02F34E87CD66F42400D12CDEF019002C06D095B8AD46F42401800A71DCC8F02C00FD3C51FD36F42401EF79334B18F02C011EC11A1D06F42401FC1F073838F02C05B83AFF6CE6F4240DAFB2EA36E8F02C0FD4C1A8CCD6F424043882DA27F8F02C01245A501CA6F4240D504428C898F02C0F084D115C76F4240094BC10B928F02C0E61B3A2EC06F42403D91408B9A8F02C027505ECABD6F4240C0C0FEC9AF8F02C005908ADEBA6F424090D9FBC7D18F02C0E0700564B86F42407B95B805F88F02C0EE4B7C2DB66F4240C4870AAE1F9002C095D349E0B36F42401DC7B2013C9002C0AACBD455B06F424041C0DBD54F9002C02776BA70AC6F4240A94CDAD4609002C070C7F2B8A86F42403CC9EEBE6A9002C0E8B375B6A56F4240028C82287D9002C0B7B97972A56F42404B7ED4D0A49002C07DA26982A66F42409EC68F0DDC9002C0BC64AE3CAD6F424011A9F7A0FC9002C0DBC5D099B06F4240BDC8CBCA0A9102C031DF5158B36F4240A81CF9A1EB9002C0');
INSERT INTO "i4ldata".t_topoareafeature ("uid", "fgroup", "ftype", "fsubtype", "fname", "furi", "geom") VALUES ('{a2df4000-4fc9-4d43-a33c-767c16b53e32}', 'natural', 'ridge', NULL, NULL, NULL, '0103000020E6100000010000000C000000E494F9068673424058534B8388A802C0CDE9275E66734240CAB86A923BAD02C0BCF4AA277A7342406CC0287175AF02C0AAFF2DF18D734240C96C6F14F4AF02C05E75E5A4A9734240836BFA1995AF02C0EA4A4E79B97342409BBCC98158AE02C084BA09CB9B7342406E0C24EFBCAC02C05E75E5A4A97342408603F11524AA02C087153484B573424059F948422CA702C0F9E4A0F68B7342402BA3A5F0ECA602C06D0F38227C73424087A9EED4C7A802C0E494F9068673424058534B8388A802C0');
INSERT INTO "i4ldata".t_topoareafeature ("uid", "fgroup", "ftype", "fsubtype", "fname", "furi", "geom") VALUES ('{524ee533-8b5c-44ab-af31-0c7e372ba517}', 'natural', 'ridge', NULL, NULL, NULL, '0103000020E61000000100000014000000E6D0A962067742406EFECD501A4502C060B195002A774240404E28BE7E4302C0B7A7873175774240115287AD9B4402C04B8E6F31D27742409CAE73E3B54602C0CB24B041297842403EB631C2EF4802C0A83AB6D450784240E0BDEFA0294B02C042AA712633784240536F0A2E244D02C0742EBE10DE774240B01B51D1A24D02C0BD5DDCA3A87742402473691D414E02C01D38CCDF92774240AFCF55535B5002C0CE5259DA94774240228170E0555202C0B1F132BF41774240F384CFCF725302C0D180027300774240392C4289755202C0A68589DADA764240972484AA3B5002C043506FE5D6764240C86C2039664C02C0AB3BDE4C0E774240C8121EF8094B02C0C08B853C14774240E063ED5FCD4902C0D1800273007742406DB2D2D2D24702C06E4BE87DFC7642406E58D091764602C0E6D0A962067742406EFECD501A4502C0');
INSERT INTO "i4ldata".t_topoareafeature ("uid", "fgroup", "ftype", "fsubtype", "fname", "furi", "geom") VALUES ('{c294609b-27ab-40dd-99ee-eb422186de82}', 'natural', 'ridge', NULL, NULL, NULL, '0103000020E610000001000000080000007ED9D009B47342402085D7936A2D02C03C8BEB37D1734240C0AB18B9FC2C02C082E5F6020F744240F8A082753D2F02C051F3B5DC09744240C8991EF3BD3002C098588419E47342403096EC317E3102C049D0A678B7734240C0760F8F6B3002C08707A3DFA273424040111424B42E02C07ED9D009B47342402085D7936A2D02C0');
INSERT INTO "i4ldata".t_topoareafeature ("uid", "fgroup", "ftype", "fsubtype", "fname", "furi", "geom") VALUES ('{01e3a0cf-8cd7-44a5-ae84-283cb426cc7c}', 'natural', 'ridge', NULL, 'Maparasha', NULL, '0103000020E610000001000000110000009B03C690F2694240E0ACABF5214F01C0E76A5ADC496B4240006EF1AFFC4C01C061C3CCC6E76B424060DD9D36485401C02BAFDFC34E6C424020F1FF6D705F01C0A50752AEEC6C4240A0ECE884056801C039DF77A8BA6D424080F699A0996D01C07500EE2B6D6E4240A0E3BAB22F7901C0DF12424E666E4240E05C18550F8601C06FF364AB536D424080B862A4328201C07109EB8E8C6C4240C06FF742797A01C0090D1D50CC6B4240609638680B7A01C037FEFAEE126B4240609638680B7A01C0E980E0BF826A424020E8D19B9A7001C0B58279A0226A4240A0ECE884056801C01F95CDC21B6A424080CABE48DE5F01C005161AB3EB694240C0B65C11B65401C09B03C690F2694240E0ACABF5214F01C0');
INSERT INTO "i4ldata".t_topoareafeature ("uid", "fgroup", "ftype", "fsubtype", "fname", "furi", "geom") VALUES ('{ba419954-c59b-4529-a382-c6049b7d5e7a}', 'natural', 'ridge', NULL, NULL, NULL, '0103000020E61000000100000023000000F991F55D966E4240E0F20501ED8C01C02B7AD699BD6F4240804E5050108901C0C1678277C46F42402014ADF3557E01C0FF9E7EDEAF6F4240C0D909979B7301C0553FA87192704240400AFCD7C17801C0811A002DA070424080B862A4328201C005AC075FC9704240608D0A96358B01C0A3BCC2A022714240C0FCB61C819201C0F139DDCFB2714240E01EE158A89A01C03FB7F7FE4272424080A6060087A401C04FFD15C7E772424040855F0D1EB301C0D38E1DF910734240E00C85B4FCBC01C083FB7CE647734240C04211284CD001C0357E62B7B772424000BC6ECA2BDD01C051139CAA2072424080EC600B52E201C0DFDD3824D571424000E84922E7EA01C0E700488827724240A06F6FC9C5F401C0C55E8514A5714240807920E559FA01C0A3BCC2A0227142406057F6A832F201C091601EF544714240C0CFD00154E801C0274ECAD24B714240409FDEC02DE301C04D1C990D4070424040D4E7EABEDF01C0DBE63587F46F4240A0ADA6C52CE001C03DD67A459B6F4240E0CE4DB895D101C0DDFCBB6A2D6F42402086E256DCC901C063A449808F6E424000FAA5C692C801C06DDDDEC71A6E42406072801FB4BE01C015272F51FF6D4240C0EA5A78D5B401C0F3846CDD7C6D4240A09327121DB001C06FF364AB536D4240E015B386D2AB01C0299959E0156D424080A6060087A401C0EB615D792A6D424020375A793B9D01C04102870C0D6E4240C092A4C85E9901C01311A96DC66E4240007F4291368E01C0F991F55D966E4240E0F20501ED8C01C0');
INSERT INTO "i4ldata".t_topoareafeature ("uid", "fgroup", "ftype", "fsubtype", "fname", "furi", "geom") VALUES ('{98f1d5ad-639d-4b93-b5e3-ca7d49375bd7}', 'natural', 'ridge', NULL, NULL, NULL, '0103000020E6100000010000001E000000111A0CA1417C4240DB01CA1DA0B002C0B56F58FB067C4240A43A5BAAB3C502C0D5D9529D6D7C424047C689649CDC02C003AF2CF08A7C42409DF7F2792FF702C05E59E095C57C42408CDDE6D86D0A03C08C2EBAE8E27C4240C2BF46FC6B2003C05E59E095C57C4240D2F4434D3F3803C06CC4BF467C7C4240C738918C134503C0AB98B48A497D4240D66D8EDDE65C03C050EE00E50E7D42405E080D86D06803C073EC36C76E7E424001943B40B97F03C097EA6CA9CE7F42408E8C13C9388503C0A8E9879A7E804240F0792F9FF79203C01593563169814240CACCCCCCCC9403C0CF7BF9BCD7824240F0792F9FF79203C0943B40B90383424042324E24E38803C0EB51B81E45824240E6A28B2EBA7403C0E8BD7CDE4B81424012AE47E17A6C03C004943B40B9804240D66D8EDDE65C03C0897F8DF8178042402E840643684C03C0A5554C5A857F4240EDE5F35E3E4303C0CF96EA6CA97E42400F1A0CA1C11C03C0CF96EA6CA97E424040832134180E03C065815716B87E4240BE46FC6BC4FB02C046175D74517E4240165D74D145EB02C054823C25087E424093204F09F2D802C0F8D7887FCD7D42405E3EEFE5F3C202C07EC3DA372C7D4240FC50D30F35B502C003AF2CF08A7C42409A63B73976A702C0111A0CA1417C4240DB01CA1DA0B002C0');
INSERT INTO "i4ldata".t_topoareafeature ("uid", "fgroup", "ftype", "fsubtype", "fname", "furi", "geom") VALUES ('{d303b471-38ab-4396-9e9a-ae31832614d5}', 'place', 'village', NULL, NULL, NULL, '0103000020E6100000010000000800000023503FBB137B42406A65FEF6EA9E02C04AC4EB2BEE7A4240A76A6360BEA002C087268DFFE97A4240931BF6210CA502C08ADA2B2A1E7B4240E70E50EE00A702C0CBF06B284E7B42403D15238806A602C0AC3F9B3E507B42401DC32C41E5A202C0CBF06B284E7B42406F17FFE86AA002C023503FBB137B42406A65FEF6EA9E02C0');
INSERT INTO "i4ldata".t_topopointfeature ("uid", "fgroup", "ftype", "fsubtype", "fname", "furi", "geom") VALUES ('{866bb313-a979-4fb0-9e45-6bf1547e644e}', 'its4land', 'borehole', NULL, NULL, NULL, '0101000020E61000002235324D0E6D424030F18FB3F57F02C0');
INSERT INTO "i4ldata".t_topopointfeature ("uid", "fgroup", "ftype", "fsubtype", "fname", "furi", "geom") VALUES ('{7b9d6c04-311b-4859-a11f-b5ab0b014c26}', 'its4land', 'borehole', NULL, NULL, NULL, '0101000020E61000006F490D16BB6F42403E1328E8309102C0');
INSERT INTO "i4ldata".t_topopointfeature ("uid", "fgroup", "ftype", "fsubtype", "fname", "furi", "geom") VALUES ('{eabe224f-f26d-446b-b329-2d742e6aa01e}', 'natural', 'tree', NULL, NULL, NULL, '0101000020E6100000B75A93D2D06F42407ACD6639C89002C0');
INSERT INTO "i4ldata".t_topopointfeature ("uid", "fgroup", "ftype", "fsubtype", "fname", "furi", "geom") VALUES ('{e0ef4014-30d8-4667-89dd-88b533b5ba6b}', 'natural', 'peak', NULL, NULL, NULL, '0101000020E6100000DA6D8EDD9A70424048175D74D16102C0');
INSERT INTO "i4ldata".t_topopointfeature ("uid", "fgroup", "ftype", "fsubtype", "fname", "furi", "geom") VALUES ('{8cdb8186-63b6-4f31-b2f0-8490b5c9ad8f}', 'natural', 'peak', NULL, NULL, NULL, '0101000020E61000000CBCB2C0F3704240AB101A0CA1A502C0');
INSERT INTO "i4ldata".t_topopointfeature ("uid", "fgroup", "ftype", "fsubtype", "fname", "furi", "geom") VALUES ('{6bebc203-ae93-4563-a2ae-ccd9f51a4fd9}', 'natural', 'peak', NULL, NULL, NULL, '0101000020E61000002085EB5120724240CE792F9FF7D502C0');
INSERT INTO "i4ldata".t_topopointfeature ("uid", "fgroup", "ftype", "fsubtype", "fname", "furi", "geom") VALUES ('{c4b6253c-e241-40a2-ae5e-331f2d89f2cc}', 'natural', 'peak', NULL, NULL, NULL, '0101000020E61000002093F698AC7742409B6278656E4902C0');
INSERT INTO "i4ldata".t_topopointfeature ("uid", "fgroup", "ftype", "fsubtype", "fname", "furi", "geom") VALUES ('{b28eaa5e-7b12-4e8d-b4cb-c37721ebc4b5}', 'natural', 'peak', NULL, NULL, NULL, '0101000020E610000086F6B9261C7742403A783D07BD4F02C0');
INSERT INTO "i4ldata".t_topopointfeature ("uid", "fgroup", "ftype", "fsubtype", "fname", "furi", "geom") VALUES ('{03dd4589-058f-4cac-9c59-8d7141df015b}', 'natural', 'peak', NULL, NULL, NULL, '0101000020E6100000DD31C594BE6B4240A082D630E36E01C0');
INSERT INTO "i4ldata".t_topopointfeature ("uid", "fgroup", "ftype", "fsubtype", "fname", "furi", "geom") VALUES ('{5c365f13-515b-4c89-a3a3-e40f06128a97}', 'natural', 'peak', NULL, NULL, NULL, '0101000020E610000005AC075FC9704240205A07FF20BC01C0');
COMMIT;